date,cost_center_id,account_id,forecast_amount
2023-01-01,1000,5000,-489385.43
2023-01-01,1000,5100,-31365.67
2023-01-01,1000,5300,-30721.47
2023-01-01,1000,5500,-139204.69
2023-01-01,1000,6100,-31097.4
2023-01-01,1000,6200,-4173.4
2023-01-01,2000,5100,-23528.92
2023-01-01,2000,5500,-26044.91
2023-01-01,2000,6200,-1812.48
2023-01-01,3000,5200,-65270.35
2023-01-01,3000,5300,-12774.48
2023-01-01,3000,5500,-33831.37
2023-01-01,3000,6200,-2572.4
2023-01-01,4000,4000,1052430.71
2023-01-01,4000,4100,271367.43
2023-01-01,4000,4200,72637.87
2023-01-01,4000,5500,-60462.35
2023-01-01,4000,5800,-9682.45
2023-01-01,4000,6200,-3138.34
2023-01-01,5000,5500,-19154.2
2023-01-01,5000,5700,-35117.32
2023-01-01,5000,5800,-3292.28
2023-01-01,5000,6200,-2157.39
2023-01-01,6000,5500,-36484.24
2023-01-01,6000,5600,-29981.12
2023-01-01,6000,6000,-7379.79
2023-01-01,6000,6100,-16615.26
2023-01-01,6000,6200,-2139.37
2023-01-01,7000,5500,-30763.88
2023-01-01,7000,5800,-4239.87
2023-01-01,7000,6000,-6628.04
2023-01-01,7000,6200,-1819.56
2023-01-01,8000,5400,-18211.34
2023-01-01,8000,5500,-43226.1
2023-01-01,8000,5900,-9595.94
2023-01-01,8000,6000,-6964.35
2023-01-01,8000,6200,-3175.55
2023-02-01,1000,5000,-525865.79
2023-02-01,1000,5100,-32397.23
2023-02-01,1000,5300,-28502.05
2023-02-01,1000,5500,-137472.52
2023-02-01,1000,6100,-30394.11
2023-02-01,1000,6200,-4301.86
2023-02-01,2000,5100,-23414.53
2023-02-01,2000,5500,-26391.97
2023-02-01,2000,6200,-1911.54
2023-02-01,3000,5200,-67878.37
2023-02-01,3000,5300,-12496.81
2023-02-01,3000,5500,-36822.33
2023-02-01,3000,6200,-2458.74
2023-02-01,4000,4000,1024995.48
2023-02-01,4000,4100,287043.75
2023-02-01,4000,4200,71876.99
2023-02-01,4000,5500,-63272.53
2023-02-01,4000,5800,-9560.9
2023-02-01,4000,6200,-2991.47
2023-02-01,5000,5500,-18776.3
2023-02-01,5000,5700,-39777.25
2023-02-01,5000,5800,-3284.63
2023-02-01,5000,6200,-2095.92
2023-02-01,6000,5500,-34451.22
2023-02-01,6000,5600,-30776.27
2023-02-01,6000,6000,-7237.98
2023-02-01,6000,6100,-17160.54
2023-02-01,6000,6200,-2132.9
2023-02-01,7000,5500,-32320.29
2023-02-01,7000,5800,-3910.42
2023-02-01,7000,6000,-6305.96
2023-02-01,7000,6200,-1830.93
2023-02-01,8000,5400,-17838.41
2023-02-01,8000,5500,-45361.42
2023-02-01,8000,5900,-10081.82
2023-02-01,8000,6000,-7298.08
2023-02-01,8000,6200,-3222.96
2023-03-01,1000,5000,-514827.2
2023-03-01,1000,5100,-32683.56
2023-03-01,1000,5300,-33207.63
2023-03-01,1000,5500,-152248.78
2023-03-01,1000,6100,-33381.35
2023-03-01,1000,6200,-4623.64
2023-03-01,2000,5100,-26896.25
2023-03-01,2000,5500,-29800.11
2023-03-01,2000,6200,-1964.33
2023-03-01,3000,5200,-66587.9
2023-03-01,3000,5300,-13272.67
2023-03-01,3000,5500,-38493.13
2023-03-01,3000,6200,-2603.28
2023-03-01,4000,4000,1192607.74
2023-03-01,4000,4100,299888.62
2023-03-01,4000,4200,72874.07
2023-03-01,4000,5500,-66748.73
2023-03-01,4000,5800,-10162.62
2023-03-01,4000,6200,-3669.83
2023-03-01,5000,5500,-21802.19
2023-03-01,5000,5700,-40666.01
2023-03-01,5000,5800,-3654.57
2023-03-01,5000,6200,-2453.23
2023-03-01,6000,5500,-37854.31
2023-03-01,6000,5600,-30811.25
2023-03-01,6000,6000,-8102.99
2023-03-01,6000,6100,-18757.06
2023-03-01,6000,6200,-2278.52
2023-03-01,7000,5500,-32591.84
2023-03-01,7000,5800,-4642.48
2023-03-01,7000,6000,-6771.83
2023-03-01,7000,6200,-1807.86
2023-03-01,8000,5400,-20631.16
2023-03-01,8000,5500,-44715.14
2023-03-01,8000,5900,-11269.49
2023-03-01,8000,6000,-8387.95
2023-03-01,8000,6200,-3643.74
2023-04-01,1000,5000,-516713.29
2023-04-01,1000,5100,-32993.24
2023-04-01,1000,5300,-33273.43
2023-04-01,1000,5500,-134944.99
2023-04-01,1000,6100,-32487.09
2023-04-01,1000,6200,-4304.81
2023-04-01,2000,5100,-24141.13
2023-04-01,2000,5500,-29342.71
2023-04-01,2000,6200,-2032.33
2023-04-01,3000,5200,-68411.45
2023-04-01,3000,5300,-13548.92
2023-04-01,3000,5500,-36525.04
2023-04-01,3000,6200,-2724.65
2023-04-01,4000,4000,1075182.95
2023-04-01,4000,4100,289263.28
2023-04-01,4000,4200,76929.98
2023-04-01,4000,5500,-63923.83
2023-04-01,4000,5800,-9770.24
2023-04-01,4000,6200,-3714.86
2023-04-01,5000,5500,-20262.35
2023-04-01,5000,5700,-56999.31
2023-04-01,5000,5800,-3744.4
2023-04-01,5000,6200,-2418.92
2023-04-01,6000,5500,-37294.81
2023-04-01,6000,5600,-30036.76
2023-04-01,6000,6000,-7826.33
2023-04-01,6000,6100,-17447.37
2023-04-01,6000,6200,-2173.21
2023-04-01,7000,5500,-34830.97
2023-04-01,7000,5800,-4596.86
2023-04-01,7000,6000,-6562.1
2023-04-01,7000,6200,-1779.31
2023-04-01,8000,5400,-20002.27
2023-04-01,8000,5500,-43748.83
2023-04-01,8000,5900,-11061.71
2023-04-01,8000,6000,-7804.48
2023-04-01,8000,6200,-3177.44
2023-05-01,1000,5000,-509689.23
2023-05-01,1000,5100,-32136.53
2023-05-01,1000,5300,-30161.36
2023-05-01,1000,5500,-146445.74
2023-05-01,1000,6100,-32002.77
2023-05-01,1000,6200,-4457.13
2023-05-01,2000,5100,-22212.84
2023-05-01,2000,5500,-27332.91
2023-05-01,2000,6200,-2003.42
2023-05-01,3000,5200,-67060.8
2023-05-01,3000,5300,-13214.1
2023-05-01,3000,5500,-35581.83
2023-05-01,3000,6200,-2725.07
2023-05-01,4000,4000,1098418.18
2023-05-01,4000,4100,303787.26
2023-05-01,4000,4200,78617.56
2023-05-01,4000,5500,-72923.42
2023-05-01,4000,5800,-10035.26
2023-05-01,4000,6200,-3300.03
2023-05-01,5000,5500,-19918.57
2023-05-01,5000,5700,-49879.3
2023-05-01,5000,5800,-3848.93
2023-05-01,5000,6200,-2292.44
2023-05-01,6000,5500,-36141.66
2023-05-01,6000,5600,-28594.12
2023-05-01,6000,6000,-8119.86
2023-05-01,6000,6100,-16372.2
2023-05-01,6000,6200,-2341.14
2023-05-01,7000,5500,-36068.81
2023-05-01,7000,5800,-4322.37
2023-05-01,7000,6000,-6867.39
2023-05-01,7000,6200,-1811.19
2023-05-01,8000,5400,-18816.05
2023-05-01,8000,5500,-51568.56
2023-05-01,8000,5900,-10396.98
2023-05-01,8000,6000,-7756.51
2023-05-01,8000,6200,-3422.49
2023-06-01,1000,5000,-547595.77
2023-06-01,1000,5100,-33857.73
2023-06-01,1000,5300,-32945.75
2023-06-01,1000,5500,-158624.04
2023-06-01,1000,6100,-33374.24
2023-06-01,1000,6200,-4566.05
2023-06-01,2000,5100,-27124.6
2023-06-01,2000,5500,-30600.26
2023-06-01,2000,6200,-1939.19
2023-06-01,3000,5200,-73900.5
2023-06-01,3000,5300,-13480.59
2023-06-01,3000,5500,-39681.76
2023-06-01,3000,6200,-2817.49
2023-06-01,4000,4000,1161213.75
2023-06-01,4000,4100,309001.05
2023-06-01,4000,4200,75020.39
2023-06-01,4000,5500,-64385.87
2023-06-01,4000,5800,-10077.83
2023-06-01,4000,6200,-3716.44
2023-06-01,5000,5500,-22432.42
2023-06-01,5000,5700,-38706.06
2023-06-01,5000,5800,-3692.65
2023-06-01,5000,6200,-2175.31
2023-06-01,6000,5500,-39641.7
2023-06-01,6000,5600,-31225.95
2023-06-01,6000,6000,-8588.68
2023-06-01,6000,6100,-18056.03
2023-06-01,6000,6200,-2397.58
2023-06-01,7000,5500,-33070.81
2023-06-01,7000,5800,-4588.28
2023-06-01,7000,6000,-6238.71
2023-06-01,7000,6200,-1829.64
2023-06-01,8000,5400,-19191.29
2023-06-01,8000,5500,-46688.48
2023-06-01,8000,5900,-10881.0
2023-06-01,8000,6000,-8034.4
2023-06-01,8000,6200,-3467.72
2023-07-01,1000,5000,-529439.23
2023-07-01,1000,5100,-34516.38
2023-07-01,1000,5300,-32441.33
2023-07-01,1000,5500,-146025.15
2023-07-01,1000,6100,-30520.58
2023-07-01,1000,6200,-4455.47
2023-07-01,2000,5100,-24694.48
2023-07-01,2000,5500,-28947.61
2023-07-01,2000,6200,-1967.21
2023-07-01,3000,5200,-66813.18
2023-07-01,3000,5300,-13750.12
2023-07-01,3000,5500,-37636.46
2023-07-01,3000,6200,-2533.15
2023-07-01,4000,4000,1099025.28
2023-07-01,4000,4100,299598.72
2023-07-01,4000,4200,76477.76
2023-07-01,4000,5500,-69385.02
2023-07-01,4000,5800,-9804.29
2023-07-01,4000,6200,-3300.06
2023-07-01,5000,5500,-19746.19
2023-07-01,5000,5700,-39039.22
2023-07-01,5000,5800,-3377.22
2023-07-01,5000,6200,-2238.72
2023-07-01,6000,5500,-37292.62
2023-07-01,6000,5600,-29974.69
2023-07-01,6000,6000,-7484.2
2023-07-01,6000,6100,-16751.98
2023-07-01,6000,6200,-2293.44
2023-07-01,7000,5500,-33402.94
2023-07-01,7000,5800,-4658.64
2023-07-01,7000,6000,-6931.4
2023-07-01,7000,6200,-1715.16
2023-07-01,8000,5400,-19593.15
2023-07-01,8000,5500,-46394.97
2023-07-01,8000,5900,-10000.21
2023-07-01,8000,6000,-7871.53
2023-07-01,8000,6200,-3325.43
2023-08-01,1000,5000,-364560.09
2023-08-01,1000,5100,-23892.26
2023-08-01,1000,5300,-25087.58
2023-08-01,1000,5500,-110425.34
2023-08-01,1000,6100,-25538.34
2023-08-01,1000,6200,-3464.19
2023-08-01,2000,5100,-19026.98
2023-08-01,2000,5500,-21999.02
2023-08-01,2000,6200,-1645.68
2023-08-01,3000,5200,-47677.09
2023-08-01,3000,5300,-10215.66
2023-08-01,3000,5500,-29320.1
2023-08-01,3000,6200,-2004.62
2023-08-01,4000,4000,858465.62
2023-08-01,4000,4100,232015.46
2023-08-01,4000,4200,58938.17
2023-08-01,4000,5500,-50617.14
2023-08-01,4000,5800,-7613.1
2023-08-01,4000,6200,-2639.62
2023-08-01,5000,5500,-15862.89
2023-08-01,5000,5700,-28393.89
2023-08-01,5000,5800,-2589.63
2023-08-01,5000,6200,-1689.44
2023-08-01,6000,5500,-29175.24
2023-08-01,6000,5600,-22409.48
2023-08-01,6000,6000,-5690.66
2023-08-01,6000,6100,-13546.19
2023-08-01,6000,6200,-1693.25
2023-08-01,7000,5500,-24532.84
2023-08-01,7000,5800,-3432.53
2023-08-01,7000,6000,-4990.73
2023-08-01,7000,6200,-1288.6
2023-08-01,8000,5400,-14764.96
2023-08-01,8000,5500,-34997.8
2023-08-01,8000,5900,-8332.13
2023-08-01,8000,6000,-5865.68
2023-08-01,8000,6200,-2536.9
2023-09-01,1000,5000,-538323.65
2023-09-01,1000,5100,-33943.74
2023-09-01,1000,5300,-34016.48
2023-09-01,1000,5500,-148817.75
2023-09-01,1000,6100,-34328.99
2023-09-01,1000,6200,-4421.65
2023-09-01,2000,5100,-25350.02
2023-09-01,2000,5500,-28408.31
2023-09-01,2000,6200,-2186.75
2023-09-01,3000,5200,-69346.7
2023-09-01,3000,5300,-14434.81
2023-09-01,3000,5500,-40090.53
2023-09-01,3000,6200,-2712.74
2023-09-01,4000,4000,1186391.31
2023-09-01,4000,4100,326358.32
2023-09-01,4000,4200,83026.86
2023-09-01,4000,5500,-67292.45
2023-09-01,4000,5800,-10226.96
2023-09-01,4000,6200,-3339.07
2023-09-01,5000,5500,-22867.74
2023-09-01,5000,5700,-39479.29
2023-09-01,5000,5800,-3684.06
2023-09-01,5000,6200,-2359.62
2023-09-01,6000,5500,-40398.83
2023-09-01,6000,5600,-31292.41
2023-09-01,6000,6000,-8141.52
2023-09-01,6000,6100,-18059.13
2023-09-01,6000,6200,-2416.73
2023-09-01,7000,5500,-35191.68
2023-09-01,7000,5800,-4799.8
2023-09-01,7000,6000,-7154.09
2023-09-01,7000,6200,-1877.33
2023-09-01,8000,5400,-20434.29
2023-09-01,8000,5500,-49216.81
2023-09-01,8000,5900,-11005.78
2023-09-01,8000,6000,-8381.12
2023-09-01,8000,6200,-3559.01
2023-10-01,1000,5000,-563603.94
2023-10-01,1000,5100,-34592.61
2023-10-01,1000,5300,-33389.21
2023-10-01,1000,5500,-161936.87
2023-10-01,1000,6100,-35927.87
2023-10-01,1000,6200,-4673.13
2023-10-01,2000,5100,-26953.4
2023-10-01,2000,5500,-34188.06
2023-10-01,2000,6200,-2353.5
2023-10-01,3000,5200,-72214.59
2023-10-01,3000,5300,-14080.59
2023-10-01,3000,5500,-38142.65
2023-10-01,3000,6200,-2918.3
2023-10-01,4000,4000,1263283.1
2023-10-01,4000,4100,342556.2
2023-10-01,4000,4200,83623.08
2023-10-01,4000,5500,-71616.46
2023-10-01,4000,5800,-10414.1
2023-10-01,4000,6200,-3800.76
2023-10-01,5000,5500,-22066.94
2023-10-01,5000,5700,-41013.69
2023-10-01,5000,5800,-3765.23
2023-10-01,5000,6200,-2552.44
2023-10-01,6000,5500,-41374.13
2023-10-01,6000,5600,-34262.18
2023-10-01,6000,6000,-8055.76
2023-10-01,6000,6100,-18724.62
2023-10-01,6000,6200,-2422.84
2023-10-01,7000,5500,-34650.03
2023-10-01,7000,5800,-4775.86
2023-10-01,7000,6000,-7170.29
2023-10-01,7000,6200,-1941.24
2023-10-01,8000,5400,-20991.31
2023-10-01,8000,5500,-47403.97
2023-10-01,8000,5900,-11547.87
2023-10-01,8000,6000,-8612.02
2023-10-01,8000,6200,-4010.24
2023-11-01,1000,5000,-596737.86
2023-11-01,1000,5100,-35581.75
2023-11-01,1000,5300,-35226.88
2023-11-01,1000,5500,-152904.47
2023-11-01,1000,6100,-34470.06
2023-11-01,1000,6200,-5030.43
2023-11-01,2000,5100,-28723.8
2023-11-01,2000,5500,-32377.16
2023-11-01,2000,6200,-2380.13
2023-11-01,3000,5200,-73801.07
2023-11-01,3000,5300,-14604.64
2023-11-01,3000,5500,-42551.96
2023-11-01,3000,6200,-2952.33
2023-11-01,4000,4000,1273192.45
2023-11-01,4000,4100,345203.29
2023-11-01,4000,4200,81156.73
2023-11-01,4000,5500,-71050.45
2023-11-01,4000,5800,-11012.32
2023-11-01,4000,6200,-3726.27
2023-11-01,5000,5500,-24485.78
2023-11-01,5000,5700,-59196.75
2023-11-01,5000,5800,-4010.74
2023-11-01,5000,6200,-2417.7
2023-11-01,6000,5500,-42285.28
2023-11-01,6000,5600,-32740.06
2023-11-01,6000,6000,-8496.41
2023-11-01,6000,6100,-20126.15
2023-11-01,6000,6200,-2457.75
2023-11-01,7000,5500,-35137.29
2023-11-01,7000,5800,-4993.18
2023-11-01,7000,6000,-7347.65
2023-11-01,7000,6200,-1898.02
2023-11-01,8000,5400,-19802.59
2023-11-01,8000,5500,-52722.84
2023-11-01,8000,5900,-11934.91
2023-11-01,8000,6000,-9348.45
2023-11-01,8000,6200,-3809.79
2023-12-01,1000,5000,-581465.51
2023-12-01,1000,5100,-35664.75
2023-12-01,1000,5300,-33987.56
2023-12-01,1000,5500,-162670.21
2023-12-01,1000,6100,-33226.96
2023-12-01,1000,6200,-5342.37
2023-12-01,2000,5100,-28182.71
2023-12-01,2000,5500,-32504.9
2023-12-01,2000,6200,-2201.57
2023-12-01,3000,5200,-71542.53
2023-12-01,3000,5300,-13993.72
2023-12-01,3000,5500,-39733.08
2023-12-01,3000,6200,-2857.62
2023-12-01,4000,4000,1268701.87
2023-12-01,4000,4100,327563.59
2023-12-01,4000,4200,82464.32
2023-12-01,4000,5500,-73376.71
2023-12-01,4000,5800,-10265.68
2023-12-01,4000,6200,-3784.82
2023-12-01,5000,5500,-20775.04
2023-12-01,5000,5700,-41242.27
2023-12-01,5000,5800,-3741.0
2023-12-01,5000,6200,-2493.95
2023-12-01,6000,5500,-39535.91
2023-12-01,6000,5600,-31704.6
2023-12-01,6000,6000,-8774.92
2023-12-01,6000,6100,-19857.45
2023-12-01,6000,6200,-2498.58
2023-12-01,7000,5500,-38783.44
2023-12-01,7000,5800,-4946.56
2023-12-01,7000,6000,-7323.72
2023-12-01,7000,6200,-1934.75
2023-12-01,8000,5400,-19778.95
2023-12-01,8000,5500,-50389.92
2023-12-01,8000,5900,-11700.4
2023-12-01,8000,6000,-8875.37
2023-12-01,8000,6200,-3784.04
2024-01-01,1000,5000,-535770.61
2024-01-01,1000,5100,-31678.32
2024-01-01,1000,5300,-37868.56
2024-01-01,1000,5500,-156286.0
2024-01-01,1000,6100,-33505.74
2024-01-01,1000,6200,-4311.99
2024-01-01,2000,5100,-23804.34
2024-01-01,2000,5500,-27022.99
2024-01-01,2000,6200,-1918.09
2024-01-01,3000,5200,-74425.17
2024-01-01,3000,5300,-17755.23
2024-01-01,3000,5500,-37214.79
2024-01-01,3000,6200,-2534.81
2024-01-01,4000,4000,1166654.41
2024-01-01,4000,4100,310979.32
2024-01-01,4000,4200,78737.82
2024-01-01,4000,5500,-63700.78
2024-01-01,4000,5800,-9567.12
2024-01-01,4000,6200,-3215.95
2024-01-01,5000,5500,-20641.02
2024-01-01,5000,5700,-37351.42
2024-01-01,5000,5800,-3727.7
2024-01-01,5000,6200,-2216.72
2024-01-01,6000,5500,-38804.35
2024-01-01,6000,5600,-35398.16
2024-01-01,6000,6000,-8259.62
2024-01-01,6000,6100,-17882.24
2024-01-01,6000,6200,-2252.73
2024-01-01,7000,5500,-33909.54
2024-01-01,7000,5800,-4651.61
2024-01-01,7000,6000,-7007.61
2024-01-01,7000,6200,-1782.04
2024-01-01,8000,5400,-18488.29
2024-01-01,8000,5500,-46486.33
2024-01-01,8000,5900,-10432.49
2024-01-01,8000,6000,-8737.47
2024-01-01,8000,6200,-3232.39
2024-02-01,1000,5000,-529439.51
2024-02-01,1000,5100,-33639.62
2024-02-01,1000,5300,-40288.9
2024-02-01,1000,5500,-150560.2
2024-02-01,1000,6100,-33957.81
2024-02-01,1000,6200,-4152.25
2024-02-01,2000,5100,-24421.5
2024-02-01,2000,5500,-28146.0
2024-02-01,2000,6200,-1898.18
2024-02-01,3000,5200,-68868.03
2024-02-01,3000,5300,-17495.22
2024-02-01,3000,5500,-40477.35
2024-02-01,3000,6200,-2622.4
2024-02-01,4000,4000,1202338.95
2024-02-01,4000,4100,316903.65
2024-02-01,4000,4200,73626.8
2024-02-01,4000,5500,-71718.64
2024-02-01,4000,5800,-10254.18
2024-02-01,4000,6200,-3265.06
2024-02-01,5000,5500,-21130.89
2024-02-01,5000,5700,-35461.1
2024-02-01,5000,5800,-3914.82
2024-02-01,5000,6200,-2295.26
2024-02-01,6000,5500,-38982.31
2024-02-01,6000,5600,-35206.37
2024-02-01,6000,6000,-8155.84
2024-02-01,6000,6100,-19423.58
2024-02-01,6000,6200,-2244.49
2024-02-01,7000,5500,-30862.02
2024-02-01,7000,5800,-4318.23
2024-02-01,7000,6000,-7371.81
2024-02-01,7000,6200,-1652.14
2024-02-01,8000,5400,-18215.49
2024-02-01,8000,5500,-44790.11
2024-02-01,8000,5900,-9930.08
2024-02-01,8000,6000,-7684.69
2024-02-01,8000,6200,-3403.25
2024-03-01,1000,5000,-568831.45
2024-03-01,1000,5100,-36108.01
2024-03-01,1000,5300,-40450.95
2024-03-01,1000,5500,-161945.67
2024-03-01,1000,6100,-34597.73
2024-03-01,1000,6200,-5081.2
2024-03-01,2000,5100,-26819.52
2024-03-01,2000,5500,-30259.82
2024-03-01,2000,6200,-2367.17
2024-03-01,3000,5200,-79895.83
2024-03-01,3000,5300,-18989.57
2024-03-01,3000,5500,-41991.44
2024-03-01,3000,6200,-2817.73
2024-03-01,4000,4000,1217278.79
2024-03-01,4000,4100,347327.17
2024-03-01,4000,4200,77562.77
2024-03-01,4000,5500,-70975.77
2024-03-01,4000,5800,-10717.63
2024-03-01,4000,6200,-3302.83
2024-03-01,5000,5500,-21743.51
2024-03-01,5000,5700,-39078.83
2024-03-01,5000,5800,-3934.19
2024-03-01,5000,6200,-2357.16
2024-03-01,6000,5500,-42432.86
2024-03-01,6000,5600,-40470.3
2024-03-01,6000,6000,-8489.99
2024-03-01,6000,6100,-17562.6
2024-03-01,6000,6200,-2359.47
2024-03-01,7000,5500,-37025.49
2024-03-01,7000,5800,-4744.8
2024-03-01,7000,6000,-7313.37
2024-03-01,7000,6200,-1894.93
2024-03-01,8000,5400,-19448.45
2024-03-01,8000,5500,-49184.35
2024-03-01,8000,5900,-11239.19
2024-03-01,8000,6000,-9147.94
2024-03-01,8000,6200,-3420.75
2024-04-01,1000,5000,-588254.61
2024-04-01,1000,5100,-37495.02
2024-04-01,1000,5300,-42283.45
2024-04-01,1000,5500,-158324.28
2024-04-01,1000,6100,-32977.81
2024-04-01,1000,6200,-4770.24
2024-04-01,2000,5100,-25690.5
2024-04-01,2000,5500,-30966.67
2024-04-01,2000,6200,-2061.97
2024-04-01,3000,5200,-75911.71
2024-04-01,3000,5300,-18673.52
2024-04-01,3000,5500,-43435.49
2024-04-01,3000,6200,-2519.93
2024-04-01,4000,4000,1249952.6
2024-04-01,4000,4100,330797.62
2024-04-01,4000,4200,73337.45
2024-04-01,4000,5500,-71403.05
2024-04-01,4000,5800,-11002.97
2024-04-01,4000,6200,-3620.19
2024-04-01,5000,5500,-23969.1
2024-04-01,5000,5700,-60878.94
2024-04-01,5000,5800,-3766.58
2024-04-01,5000,6200,-2365.49
2024-04-01,6000,5500,-38660.32
2024-04-01,6000,5600,-36196.43
2024-04-01,6000,6000,-8198.0
2024-04-01,6000,6100,-17825.88
2024-04-01,6000,6200,-2273.18
2024-04-01,7000,5500,-36796.53
2024-04-01,7000,5800,-4447.17
2024-04-01,7000,6000,-7190.17
2024-04-01,7000,6200,-1773.4
2024-04-01,8000,5400,-18513.08
2024-04-01,8000,5500,-50065.57
2024-04-01,8000,5900,-10807.4
2024-04-01,8000,6000,-8477.24
2024-04-01,8000,6200,-3627.35
2024-05-01,1000,5000,-581124.53
2024-05-01,1000,5100,-34418.64
2024-05-01,1000,5300,-44654.18
2024-05-01,1000,5500,-154275.67
2024-05-01,1000,6100,-33933.18
2024-05-01,1000,6200,-4876.41
2024-05-01,2000,5100,-26348.6
2024-05-01,2000,5500,-32453.08
2024-05-01,2000,6200,-2023.79
2024-05-01,3000,5200,-78874.01
2024-05-01,3000,5300,-17844.96
2024-05-01,3000,5500,-42870.13
2024-05-01,3000,6200,-2705.72
2024-05-01,4000,4000,1238703.3
2024-05-01,4000,4100,354878.53
2024-05-01,4000,4200,79310.99
2024-05-01,4000,5500,-70584.3
2024-05-01,4000,5800,-10165.57
2024-05-01,4000,6200,-3588.42
2024-05-01,5000,5500,-22088.21
2024-05-01,5000,5700,-50908.96
2024-05-01,5000,5800,-3461.82
2024-05-01,5000,6200,-2319.26
2024-05-01,6000,5500,-40954.13
2024-05-01,6000,5600,-34122.33
2024-05-01,6000,6000,-8436.58
2024-05-01,6000,6100,-19014.08
2024-05-01,6000,6200,-2400.6
2024-05-01,7000,5500,-35598.58
2024-05-01,7000,5800,-4586.14
2024-05-01,7000,6000,-7614.54
2024-05-01,7000,6200,-1870.98
2024-05-01,8000,5400,-19543.59
2024-05-01,8000,5500,-51316.55
2024-05-01,8000,5900,-10419.1
2024-05-01,8000,6000,-8421.63
2024-05-01,8000,6200,-3608.51
2024-06-01,1000,5000,-560750.8
2024-06-01,1000,5100,-33457.51
2024-06-01,1000,5300,-42009.68
2024-06-01,1000,5500,-147228.73
2024-06-01,1000,6100,-33177.37
2024-06-01,1000,6200,-5049.41
2024-06-01,2000,5100,-27001.32
2024-06-01,2000,5500,-30461.99
2024-06-01,2000,6200,-2080.62
2024-06-01,3000,5200,-78145.86
2024-06-01,3000,5300,-18699.53
2024-06-01,3000,5500,-40121.5
2024-06-01,3000,6200,-2677.08
2024-06-01,4000,4000,1206184.37
2024-06-01,4000,4100,333558.68
2024-06-01,4000,4200,79662.93
2024-06-01,4000,5500,-78389.78
2024-06-01,4000,5800,-11046.07
2024-06-01,4000,6200,-3629.62
2024-06-01,5000,5500,-23405.71
2024-06-01,5000,5700,-40263.64
2024-06-01,5000,5800,-3900.97
2024-06-01,5000,6200,-2499.94
2024-06-01,6000,5500,-42938.02
2024-06-01,6000,5600,-39316.87
2024-06-01,6000,6000,-9032.68
2024-06-01,6000,6100,-20415.76
2024-06-01,6000,6200,-2583.5
2024-06-01,7000,5500,-35341.73
2024-06-01,7000,5800,-4967.76
2024-06-01,7000,6000,-7751.08
2024-06-01,7000,6200,-1967.98
2024-06-01,8000,5400,-21411.08
2024-06-01,8000,5500,-48636.88
2024-06-01,8000,5900,-11209.9
2024-06-01,8000,6000,-8192.54
2024-06-01,8000,6200,-3561.55
2024-07-01,1000,5000,-529648.7
2024-07-01,1000,5100,-35613.9
2024-07-01,1000,5300,-36654.17
2024-07-01,1000,5500,-154299.76
2024-07-01,1000,6100,-33203.29
2024-07-01,1000,6200,-4552.57
2024-07-01,2000,5100,-27061.07
2024-07-01,2000,5500,-31968.38
2024-07-01,2000,6200,-2031.15
2024-07-01,3000,5200,-77237.77
2024-07-01,3000,5300,-17390.06
2024-07-01,3000,5500,-41793.78
2024-07-01,3000,6200,-2764.46
2024-07-01,4000,4000,1197535.91
2024-07-01,4000,4100,322768.1
2024-07-01,4000,4200,75875.88
2024-07-01,4000,5500,-69623.69
2024-07-01,4000,5800,-10891.44
2024-07-01,4000,6200,-3449.13
2024-07-01,5000,5500,-23036.25
2024-07-01,5000,5700,-37495.18
2024-07-01,5000,5800,-3977.71
2024-07-01,5000,6200,-2372.62
2024-07-01,6000,5500,-39923.33
2024-07-01,6000,5600,-34330.45
2024-07-01,6000,6000,-8668.65
2024-07-01,6000,6100,-19206.94
2024-07-01,6000,6200,-2411.84
2024-07-01,7000,5500,-33131.7
2024-07-01,7000,5800,-4649.36
2024-07-01,7000,6000,-7023.79
2024-07-01,7000,6200,-1832.25
2024-07-01,8000,5400,-19978.38
2024-07-01,8000,5500,-46275.97
2024-07-01,8000,5900,-10646.72
2024-07-01,8000,6000,-8152.08
2024-07-01,8000,6200,-3562.21
2024-08-01,1000,5000,-403596.92
2024-08-01,1000,5100,-25999.52
2024-08-01,1000,5300,-29889.97
2024-08-01,1000,5500,-115326.95
2024-08-01,1000,6100,-26900.84
2024-08-01,1000,6200,-3633.98
2024-08-01,2000,5100,-19739.81
2024-08-01,2000,5500,-24133.77
2024-08-01,2000,6200,-1602.6
2024-08-01,3000,5200,-57136.41
2024-08-01,3000,5300,-12208.86
2024-08-01,3000,5500,-30609.41
2024-08-01,3000,6200,-2083.0
2024-08-01,4000,4000,921584.02
2024-08-01,4000,4100,241872.15
2024-08-01,4000,4200,57705.98
2024-08-01,4000,5500,-55263.36
2024-08-01,4000,5800,-7951.34
2024-08-01,4000,6200,-2590.1
2024-08-01,5000,5500,-16367.72
2024-08-01,5000,5700,-30319.39
2024-08-01,5000,5800,-2804.63
2024-08-01,5000,6200,-1732.23
2024-08-01,6000,5500,-29247.35
2024-08-01,6000,5600,-28391.38
2024-08-01,6000,6000,-6431.06
2024-08-01,6000,6100,-14074.26
2024-08-01,6000,6200,-1742.8
2024-08-01,7000,5500,-26648.27
2024-08-01,7000,5800,-3684.51
2024-08-01,7000,6000,-5376.56
2024-08-01,7000,6200,-1453.96
2024-08-01,8000,5400,-14944.0
2024-08-01,8000,5500,-37100.63
2024-08-01,8000,5900,-7946.81
2024-08-01,8000,6000,-6417.45
2024-08-01,8000,6200,-2478.84
2024-09-01,1000,5000,-596785.37
2024-09-01,1000,5100,-35115.5
2024-09-01,1000,5300,-40176.33
2024-09-01,1000,5500,-164434.72
2024-09-01,1000,6100,-35768.69
2024-09-01,1000,6200,-5073.77
2024-09-01,2000,5100,-28775.49
2024-09-01,2000,5500,-32262.71
2024-09-01,2000,6200,-2270.25
2024-09-01,3000,5200,-73006.29
2024-09-01,3000,5300,-18329.79
2024-09-01,3000,5500,-41981.54
2024-09-01,3000,6200,-2941.06
2024-09-01,4000,4000,1199561.45
2024-09-01,4000,4100,327434.44
2024-09-01,4000,4200,80670.96
2024-09-01,4000,5500,-71700.74
2024-09-01,4000,5800,-10723.12
2024-09-01,4000,6200,-3764.69
2024-09-01,5000,5500,-24354.98
2024-09-01,5000,5700,-43067.34
2024-09-01,5000,5800,-4030.92
2024-09-01,5000,6200,-2567.15
2024-09-01,6000,5500,-42384.02
2024-09-01,6000,5600,-38760.84
2024-09-01,6000,6000,-9075.48
2024-09-01,6000,6100,-19620.27
2024-09-01,6000,6200,-2523.87
2024-09-01,7000,5500,-37786.18
2024-09-01,7000,5800,-5017.77
2024-09-01,7000,6000,-7211.92
2024-09-01,7000,6200,-1960.26
2024-09-01,8000,5400,-20269.59
2024-09-01,8000,5500,-54231.82
2024-09-01,8000,5900,-12550.54
2024-09-01,8000,6000,-9025.81
2024-09-01,8000,6200,-3846.24
2024-10-01,1000,5000,-609664.95
2024-10-01,1000,5100,-38091.52
2024-10-01,1000,5300,-42610.71
2024-10-01,1000,5500,-167697.08
2024-10-01,1000,6100,-39189.53
2024-10-01,1000,6200,-4888.67
2024-10-01,2000,5100,-28867.37
2024-10-01,2000,5500,-31937.24
2024-10-01,2000,6200,-2345.95
2024-10-01,3000,5200,-80328.4
2024-10-01,3000,5300,-18145.26
2024-10-01,3000,5500,-44510.4
2024-10-01,3000,6200,-3081.82
2024-10-01,4000,4000,1294221.07
2024-10-01,4000,4100,331247.44
2024-10-01,4000,4200,82797.58
2024-10-01,4000,5500,-78134.14
2024-10-01,4000,5800,-11476.68
2024-10-01,4000,6200,-3832.16
2024-10-01,5000,5500,-23084.04
2024-10-01,5000,5700,-42661.66
2024-10-01,5000,5800,-4238.52
2024-10-01,5000,6200,-2578.52
2024-10-01,6000,5500,-41785.65
2024-10-01,6000,5600,-39618.33
2024-10-01,6000,6000,-8831.36
2024-10-01,6000,6100,-19236.19
2024-10-01,6000,6200,-2512.34
2024-10-01,7000,5500,-39575.29
2024-10-01,7000,5800,-5006.9
2024-10-01,7000,6000,-7656.95
2024-10-01,7000,6200,-2027.82
2024-10-01,8000,5400,-21352.57
2024-10-01,8000,5500,-53493.96
2024-10-01,8000,5900,-11160.03
2024-10-01,8000,6000,-9545.93
2024-10-01,8000,6200,-3667.04
2024-11-01,1000,5000,-631788.98
2024-11-01,1000,5100,-38533.47
2024-11-01,1000,5300,-41768.91
2024-11-01,1000,5500,-167457.09
2024-11-01,1000,6100,-39760.3
2024-11-01,1000,6200,-5105.03
2024-11-01,2000,5100,-29094.79
2024-11-01,2000,5500,-34614.86
2024-11-01,2000,6200,-2436.02
2024-11-01,3000,5200,-86102.83
2024-11-01,3000,5300,-19697.08
2024-11-01,3000,5500,-41608.02
2024-11-01,3000,6200,-3097.96
2024-11-01,4000,4000,1278687.35
2024-11-01,4000,4100,362390.77
2024-11-01,4000,4200,83236.67
2024-11-01,4000,5500,-77657.88
2024-11-01,4000,5800,-11458.03
2024-11-01,4000,6200,-3893.0
2024-11-01,5000,5500,-24704.44
2024-11-01,5000,5700,-62917.51
2024-11-01,5000,5800,-4511.36
2024-11-01,5000,6200,-2528.16
2024-11-01,6000,5500,-45285.91
2024-11-01,6000,5600,-43192.95
2024-11-01,6000,6000,-9153.51
2024-11-01,6000,6100,-21586.83
2024-11-01,6000,6200,-2575.29
2024-11-01,7000,5500,-37568.93
2024-11-01,7000,5800,-4982.39
2024-11-01,7000,6000,-8012.7
2024-11-01,7000,6200,-2110.95
2024-11-01,8000,5400,-22370.14
2024-11-01,8000,5500,-55376.29
2024-11-01,8000,5900,-11432.42
2024-11-01,8000,6000,-9433.55
2024-11-01,8000,6200,-3933.89
2024-12-01,1000,5000,-623068.14
2024-12-01,1000,5100,-39217.04
2024-12-01,1000,5300,-44142.0
2024-12-01,1000,5500,-174961.24
2024-12-01,1000,6100,-38555.28
2024-12-01,1000,6200,-5054.37
2024-12-01,2000,5100,-28313.32
2024-12-01,2000,5500,-32607.61
2024-12-01,2000,6200,-2515.95
2024-12-01,3000,5200,-83557.68
2024-12-01,3000,5300,-19214.91
2024-12-01,3000,5500,-46444.23
2024-12-01,3000,6200,-2933.55
2024-12-01,4000,4000,1332999.41
2024-12-01,4000,4100,345979.53
2024-12-01,4000,4200,81793.47
2024-12-01,4000,5500,-71506.32
2024-12-01,4000,5800,-11112.32
2024-12-01,4000,6200,-3884.07
2024-12-01,5000,5500,-24951.58
2024-12-01,5000,5700,-42024.4
2024-12-01,5000,5800,-4193.37
2024-12-01,5000,6200,-2505.26
2024-12-01,6000,5500,-40675.65
2024-12-01,6000,5600,-42374.66
2024-12-01,6000,6000,-9240.37
2024-12-01,6000,6100,-20052.88
2024-12-01,6000,6200,-2671.21
2024-12-01,7000,5500,-37019.45
2024-12-01,7000,5800,-5169.78
2024-12-01,7000,6000,-8056.94
2024-12-01,7000,6200,-2023.06
2024-12-01,8000,5400,-22069.29
2024-12-01,8000,5500,-54129.27
2024-12-01,8000,5900,-12367.8
2024-12-01,8000,6000,-9312.41
2024-12-01,8000,6200,-3852.57
2025-01-01,1000,5000,-581070.23
2025-01-01,1000,5100,-33438.8
2025-01-01,1000,5300,-41920.12
2025-01-01,1000,5500,-148692.97
2025-01-01,1000,6100,-36502.64
2025-01-01,1000,6200,-4612.88
2025-01-01,2000,5100,-26828.93
2025-01-01,2000,5500,-31968.99
2025-01-01,2000,6200,-2020.03
2025-01-01,3000,5200,-84838.21
2025-01-01,3000,5300,-19383.22
2025-01-01,3000,5500,-41927.51
2025-01-01,3000,6200,-2728.31
2025-01-01,4000,4000,1191484.3
2025-01-01,4000,4100,321416.23
2025-01-01,4000,4200,76687.52
2025-01-01,4000,5500,-73491.66
2025-01-01,4000,5800,-10981.56
2025-01-01,4000,6200,-3555.81
2025-01-01,5000,5500,-23199.29
2025-01-01,5000,5700,-39490.37
2025-01-01,5000,5800,-4040.81
2025-01-01,5000,6200,-2312.2
2025-01-01,6000,5500,-38441.34
2025-01-01,6000,5600,-40177.58
2025-01-01,6000,6000,-8603.43
2025-01-01,6000,6100,-20197.27
2025-01-01,6000,6200,-2343.38
2025-01-01,7000,5500,-36683.06
2025-01-01,7000,5800,-4960.61
2025-01-01,7000,6000,-7494.82
2025-01-01,7000,6200,-1899.11
2025-01-01,8000,5400,-19630.64
2025-01-01,8000,5500,-49177.46
2025-01-01,8000,5900,-10536.03
2025-01-01,8000,6000,-8524.86
2025-01-01,8000,6200,-3415.88
2025-02-01,1000,5000,-640193.83
2025-02-01,1000,5100,-34193.66
2025-02-01,1000,5300,-42623.67
2025-02-01,1000,5500,-156256.98
2025-02-01,1000,6100,-36310.68
2025-02-01,1000,6200,-4520.68
2025-02-01,2000,5100,-23992.59
2025-02-01,2000,5500,-32463.45
2025-02-01,2000,6200,-2147.78
2025-02-01,3000,5200,-82655.09
2025-02-01,3000,5300,-19084.87
2025-02-01,3000,5500,-41282.84
2025-02-01,3000,6200,-2849.48
2025-02-01,4000,4000,1232762.49
2025-02-01,4000,4100,323400.56
2025-02-01,4000,4200,71144.41
2025-02-01,4000,5500,-73322.7
2025-02-01,4000,5800,-10366.15
2025-02-01,4000,6200,-3335.44
2025-02-01,5000,5500,-22998.22
2025-02-01,5000,5700,-38216.54
2025-02-01,5000,5800,-3927.88
2025-02-01,5000,6200,-2401.98
2025-02-01,6000,5500,-41732.91
2025-02-01,6000,5600,-37395.93
2025-02-01,6000,6000,-8313.94
2025-02-01,6000,6100,-20324.27
2025-02-01,6000,6200,-2376.52
2025-02-01,7000,5500,-33151.04
2025-02-01,7000,5800,-4936.64
2025-02-01,7000,6000,-7412.89
2025-02-01,7000,6200,-1857.08
2025-02-01,8000,5400,-19062.29
2025-02-01,8000,5500,-49054.37
2025-02-01,8000,5900,-10668.31
2025-02-01,8000,6000,-8304.59
2025-02-01,8000,6200,-3362.13
2025-03-01,1000,5000,-625031.97
2025-03-01,1000,5100,-38119.21
2025-03-01,1000,5300,-47922.32
2025-03-01,1000,5500,-180075.29
2025-03-01,1000,6100,-38630.79
2025-03-01,1000,6200,-4783.26
2025-03-01,2000,5100,-26216.57
2025-03-01,2000,5500,-34216.25
2025-03-01,2000,6200,-2254.31
2025-03-01,3000,5200,-91861.01
2025-03-01,3000,5300,-22448.41
2025-03-01,3000,5500,-44449.44
2025-03-01,3000,6200,-3135.89
2025-03-01,4000,4000,1240580.43
2025-03-01,4000,4100,334690.57
2025-03-01,4000,4200,82099.62
2025-03-01,4000,5500,-78110.63
2025-03-01,4000,5800,-11105.21
2025-03-01,4000,6200,-4141.8
2025-03-01,5000,5500,-24726.74
2025-03-01,5000,5700,-39917.32
2025-03-01,5000,5800,-3874.44
2025-03-01,5000,6200,-2424.03
2025-03-01,6000,5500,-43461.39
2025-03-01,6000,5600,-45979.67
2025-03-01,6000,6000,-9080.67
2025-03-01,6000,6100,-19656.19
2025-03-01,6000,6200,-2624.78
2025-03-01,7000,5500,-41132.14
2025-03-01,7000,5800,-5152.11
2025-03-01,7000,6000,-7746.1
2025-03-01,7000,6200,-2005.18
2025-03-01,8000,5400,-19553.49
2025-03-01,8000,5500,-52472.14
2025-03-01,8000,5900,-12019.03
2025-03-01,8000,6000,-8702.74
2025-03-01,8000,6200,-3700.88
2025-04-01,1000,5000,-626724.31
2025-04-01,1000,5100,-34674.95
2025-04-01,1000,5300,-46259.77
2025-04-01,1000,5500,-172028.88
2025-04-01,1000,6100,-39508.56
2025-04-01,1000,6200,-4814.31
2025-04-01,2000,5100,-25375.95
2025-04-01,2000,5500,-33586.05
2025-04-01,2000,6200,-2089.29
2025-04-01,3000,5200,-93173.61
2025-04-01,3000,5300,-19569.5
2025-04-01,3000,5500,-41747.68
2025-04-01,3000,6200,-2892.23
2025-04-01,4000,4000,1281338.49
2025-04-01,4000,4100,336170.52
2025-04-01,4000,4200,79127.88
2025-04-01,4000,5500,-79956.88
2025-04-01,4000,5800,-11174.97
2025-04-01,4000,6200,-3665.3
2025-04-01,5000,5500,-25322.73
2025-04-01,5000,5700,-63792.94
2025-04-01,5000,5800,-4051.13
2025-04-01,5000,6200,-2441.29
2025-04-01,6000,5500,-43720.88
2025-04-01,6000,5600,-45074.42
2025-04-01,6000,6000,-8445.94
2025-04-01,6000,6100,-21806.65
2025-04-01,6000,6200,-2543.96
2025-04-01,7000,5500,-39593.34
2025-04-01,7000,5800,-4743.05
2025-04-01,7000,6000,-7411.21
2025-04-01,7000,6200,-1918.75
2025-04-01,8000,5400,-20294.7
2025-04-01,8000,5500,-55003.19
2025-04-01,8000,5900,-11451.68
2025-04-01,8000,6000,-9395.9
2025-04-01,8000,6200,-3701.8
2025-05-01,1000,5000,-618021.61
2025-05-01,1000,5100,-36382.53
2025-05-01,1000,5300,-50091.86
2025-05-01,1000,5500,-152739.3
2025-05-01,1000,6100,-38947.23
2025-05-01,1000,6200,-5065.6
2025-05-01,2000,5100,-26846.65
2025-05-01,2000,5500,-32152.77
2025-05-01,2000,6200,-2280.5
2025-05-01,3000,5200,-89819.79
2025-05-01,3000,5300,-19968.56
2025-05-01,3000,5500,-42421.61
2025-05-01,3000,6200,-2941.82
2025-05-01,4000,4000,1209734.87
2025-05-01,4000,4100,341380.38
2025-05-01,4000,4200,78789.8
2025-05-01,4000,5500,-74127.26
2025-05-01,4000,5800,-10915.42
2025-05-01,4000,6200,-3790.96
2025-05-01,5000,5500,-25134.59
2025-05-01,5000,5700,-54036.88
2025-05-01,5000,5800,-4241.49
2025-05-01,5000,6200,-2460.14
2025-05-01,6000,5500,-42589.91
2025-05-01,6000,5600,-43189.22
2025-05-01,6000,6000,-8736.22
2025-05-01,6000,6100,-20265.76
2025-05-01,6000,6200,-2378.94
2025-05-01,7000,5500,-40073.18
2025-05-01,7000,5800,-4500.52
2025-05-01,7000,6000,-7658.95
2025-05-01,7000,6200,-2001.22
2025-05-01,8000,5400,-20089.88
2025-05-01,8000,5500,-52529.37
2025-05-01,8000,5900,-10247.61
2025-05-01,8000,6000,-9176.76
2025-05-01,8000,6200,-3666.55
2025-06-01,1000,5000,-619030.78
2025-06-01,1000,5100,-36034.55
2025-06-01,1000,5300,-45275.86
2025-06-01,1000,5500,-188609.68
2025-06-01,1000,6100,-40367.26
2025-06-01,1000,6200,-4737.21
2025-06-01,2000,5100,-27452.5
2025-06-01,2000,5500,-36821.14
2025-06-01,2000,6200,-2227.41
2025-06-01,3000,5200,-92572.54
2025-06-01,3000,5300,-19835.23
2025-06-01,3000,5500,-43431.65
2025-06-01,3000,6200,-3051.89
2025-06-01,4000,4000,1297399.47
2025-06-01,4000,4100,365750.54
2025-06-01,4000,4200,73188.52
2025-06-01,4000,5500,-77363.07
2025-06-01,4000,5800,-10898.55
2025-06-01,4000,6200,-3852.1
2025-06-01,5000,5500,-23405.02
2025-06-01,5000,5700,-38726.75
2025-06-01,5000,5800,-4112.0
2025-06-01,5000,6200,-2492.47
2025-06-01,6000,5500,-40788.5
2025-06-01,6000,5600,-44267.99
2025-06-01,6000,6000,-8712.31
2025-06-01,6000,6100,-21190.54
2025-06-01,6000,6200,-2660.19
2025-06-01,7000,5500,-39068.88
2025-06-01,7000,5800,-5184.47
2025-06-01,7000,6000,-8153.67
2025-06-01,7000,6200,-2086.1
2025-06-01,8000,5400,-20176.89
2025-06-01,8000,5500,-51817.8
2025-06-01,8000,5900,-11665.23
2025-06-01,8000,6000,-8903.74
2025-06-01,8000,6200,-3721.31
2025-07-01,1000,5000,-593028.69
2025-07-01,1000,5100,-34371.31
2025-07-01,1000,5300,-39793.47
2025-07-01,1000,5500,-162936.36
2025-07-01,1000,6100,-38233.81
2025-07-01,1000,6200,-4919.25
2025-07-01,2000,5100,-29045.66
2025-07-01,2000,5500,-31612.47
2025-07-01,2000,6200,-2292.47
2025-07-01,3000,5200,-80945.61
2025-07-01,3000,5300,-17514.8
2025-07-01,3000,5500,-41027.72
2025-07-01,3000,6200,-2746.37
2025-07-01,4000,4000,1241157.15
2025-07-01,4000,4100,342665.18
2025-07-01,4000,4200,80595.53
2025-07-01,4000,5500,-72537.03
2025-07-01,4000,5800,-10029.4
2025-07-01,4000,6200,-3558.51
2025-07-01,5000,5500,-23289.13
2025-07-01,5000,5700,-39169.33
2025-07-01,5000,5800,-3648.8
2025-07-01,5000,6200,-2450.34
2025-07-01,6000,5500,-44001.26
2025-07-01,6000,5600,-39800.55
2025-07-01,6000,6000,-8093.01
2025-07-01,6000,6100,-21397.05
2025-07-01,6000,6200,-2324.12
2025-07-01,7000,5500,-38553.84
2025-07-01,7000,5800,-4632.55
2025-07-01,7000,6000,-7173.56
2025-07-01,7000,6200,-1938.66
2025-07-01,8000,5400,-20028.48
2025-07-01,8000,5500,-51056.94
2025-07-01,8000,5900,-10399.79
2025-07-01,8000,6000,-8731.53
2025-07-01,8000,6200,-3656.51
2025-08-01,1000,5000,-467152.17
2025-08-01,1000,5100,-28001.12
2025-08-01,1000,5300,-32376.26
2025-08-01,1000,5500,-129863.68
2025-08-01,1000,6100,-28517.87
2025-08-01,1000,6200,-3613.83
2025-08-01,2000,5100,-21317.32
2025-08-01,2000,5500,-24340.45
2025-08-01,2000,6200,-1733.01
2025-08-01,3000,5200,-66001.0
2025-08-01,3000,5300,-14176.64
2025-08-01,3000,5500,-34430.37
2025-08-01,3000,6200,-2114.32
2025-08-01,4000,4000,926708.38
2025-08-01,4000,4100,243153.51
2025-08-01,4000,4200,55106.9
2025-08-01,4000,5500,-56000.52
2025-08-01,4000,5800,-8301.97
2025-08-01,4000,6200,-2682.73
2025-08-01,5000,5500,-17895.68
2025-08-01,5000,5700,-29707.51
2025-08-01,5000,5800,-3140.09
2025-08-01,5000,6200,-1778.3
2025-08-01,6000,5500,-31424.23
2025-08-01,6000,5600,-31812.61
2025-08-01,6000,6000,-6271.33
2025-08-01,6000,6100,-16127.53
2025-08-01,6000,6200,-1756.07
2025-08-01,7000,5500,-28915.35
2025-08-01,7000,5800,-3679.04
2025-08-01,7000,6000,-5402.96
2025-08-01,7000,6200,-1444.69
2025-08-01,8000,5400,-15930.25
2025-08-01,8000,5500,-35595.46
2025-08-01,8000,5900,-8412.85
2025-08-01,8000,6000,-6854.54
2025-08-01,8000,6200,-2567.48
2025-09-01,1000,5000,-686406.9
2025-09-01,1000,5100,-39664.84
2025-09-01,1000,5300,-45068.26
2025-09-01,1000,5500,-179877.71
2025-09-01,1000,6100,-39049.73
2025-09-01,1000,6200,-4788.01
2025-09-01,2000,5100,-28836.23
2025-09-01,2000,5500,-34869.22
2025-09-01,2000,6200,-2399.64
2025-09-01,3000,5200,-90000.22
2025-09-01,3000,5300,-18718.31
2025-09-01,3000,5500,-43915.03
2025-09-01,3000,6200,-2883.4
2025-09-01,4000,4000,1356328.27
2025-09-01,4000,4100,362848.17
2025-09-01,4000,4200,85261.57
2025-09-01,4000,5500,-81235.43
2025-09-01,4000,5800,-11254.92
2025-09-01,4000,6200,-3698.55
2025-09-01,5000,5500,-23310.39
2025-09-01,5000,5700,-40309.21
2025-09-01,5000,5800,-4511.07
2025-09-01,5000,6200,-2540.1
2025-09-01,6000,5500,-42132.29
2025-09-01,6000,5600,-43615.22
2025-09-01,6000,6000,-9074.72
2025-09-01,6000,6100,-21255.89
2025-09-01,6000,6200,-2367.08
2025-09-01,7000,5500,-41965.74
2025-09-01,7000,5800,-5360.94
2025-09-01,7000,6000,-7849.12
2025-09-01,7000,6200,-2049.6
2025-09-01,8000,5400,-21488.1
2025-09-01,8000,5500,-53656.3
2025-09-01,8000,5900,-11347.84
2025-09-01,8000,6000,-8880.5
2025-09-01,8000,6200,-3835.61
2025-10-01,1000,5000,-672480.94
2025-10-01,1000,5100,-35741.94
2025-10-01,1000,5300,-47790.57
2025-10-01,1000,5500,-180574.22
2025-10-01,1000,6100,-38823.08
2025-10-01,1000,6200,-5343.2
2025-10-01,2000,5100,-29372.93
2025-10-01,2000,5500,-36157.35
2025-10-01,2000,6200,-2417.85
2025-10-01,3000,5200,-89171.08
2025-10-01,3000,5300,-19174.82
2025-10-01,3000,5500,-45701.33
2025-10-01,3000,6200,-3379.99
2025-10-01,4000,4000,1336037.98
2025-10-01,4000,4100,357556.18
2025-10-01,4000,4200,83341.74
2025-10-01,4000,5500,-82025.05
2025-10-01,4000,5800,-11502.58
2025-10-01,4000,6200,-3962.64
2025-10-01,5000,5500,-24357.11
2025-10-01,5000,5700,-42253.13
2025-10-01,5000,5800,-4327.61
2025-10-01,5000,6200,-2696.36
2025-10-01,6000,5500,-47322.48
2025-10-01,6000,5600,-46097.1
2025-10-01,6000,6000,-9752.38
2025-10-01,6000,6100,-22602.15
2025-10-01,6000,6200,-2856.57
2025-10-01,7000,5500,-40838.94
2025-10-01,7000,5800,-5438.6
2025-10-01,7000,6000,-8419.29
2025-10-01,7000,6200,-2108.06
2025-10-01,8000,5400,-22854.62
2025-10-01,8000,5500,-55337.72
2025-10-01,8000,5900,-11701.76
2025-10-01,8000,6000,-8988.0
2025-10-01,8000,6200,-3976.54
2025-11-01,1000,5000,-667650.37
2025-11-01,1000,5100,-42267.5
2025-11-01,1000,5300,-48355.99
2025-11-01,1000,5500,-183482.29
2025-11-01,1000,6100,-42877.15
2025-11-01,1000,6200,-5164.64
2025-11-01,2000,5100,-30820.21
2025-11-01,2000,5500,-33974.72
2025-11-01,2000,6200,-2645.57
2025-11-01,3000,5200,-92434.82
2025-11-01,3000,5300,-20274.73
2025-11-01,3000,5500,-47085.81
2025-11-01,3000,6200,-3305.12
2025-11-01,4000,4000,1403952.58
2025-11-01,4000,4100,371418.38
2025-11-01,4000,4200,85054.76
2025-11-01,4000,5500,-89371.89
2025-11-01,4000,5800,-12301.1
2025-11-01,4000,6200,-3845.15
2025-11-01,5000,5500,-26032.57
2025-11-01,5000,5700,-61741.48
2025-11-01,5000,5800,-4244.15
2025-11-01,5000,6200,-2626.24
2025-11-01,6000,5500,-46856.71
2025-11-01,6000,5600,-46413.94
2025-11-01,6000,6000,-9898.38
2025-11-01,6000,6100,-22829.99
2025-11-01,6000,6200,-2622.23
2025-11-01,7000,5500,-41501.29
2025-11-01,7000,5800,-5383.75
2025-11-01,7000,6000,-8145.75
2025-11-01,7000,6200,-2174.79
2025-11-01,8000,5400,-22510.39
2025-11-01,8000,5500,-55449.78
2025-11-01,8000,5900,-11903.09
2025-11-01,8000,6000,-10206.92
2025-11-01,8000,6200,-4020.17
2025-12-01,1000,5000,-597443.38
2025-12-01,1000,5100,-39434.92
2025-12-01,1000,5300,-48589.74
2025-12-01,1000,5500,-183536.6
2025-12-01,1000,6100,-40893.09
2025-12-01,1000,6200,-5445.83
2025-12-01,2000,5100,-30879.22
2025-12-01,2000,5500,-33913.71
2025-12-01,2000,6200,-2465.4
2025-12-01,3000,5200,-90784.77
2025-12-01,3000,5300,-20120.86
2025-12-01,3000,5500,-45203.28
2025-12-01,3000,6200,-3211.74
2025-12-01,4000,4000,1373464.29
2025-12-01,4000,4100,390638.84
2025-12-01,4000,4200,90779.41
2025-12-01,4000,5500,-84939.46
2025-12-01,4000,5800,-11789.92
2025-12-01,4000,6200,-4035.8
2025-12-01,5000,5500,-25734.4
2025-12-01,5000,5700,-43562.89
2025-12-01,5000,5800,-4207.37
2025-12-01,5000,6200,-2842.75
2025-12-01,6000,5500,-46016.57
2025-12-01,6000,5600,-45846.81
2025-12-01,6000,6000,-9620.32
2025-12-01,6000,6100,-21436.02
2025-12-01,6000,6200,-2527.05
2025-12-01,7000,5500,-38491.86
2025-12-01,7000,5800,-5574.71
2025-12-01,7000,6000,-7998.37
2025-12-01,7000,6200,-2210.49
2025-12-01,8000,5400,-21584.61
2025-12-01,8000,5500,-59202.07
2025-12-01,8000,5900,-12152.7
2025-12-01,8000,6000,-9636.76
2025-12-01,8000,6200,-4100.85
